zip,latitude,longitude
85003,33.45052,-112.078343
85004,33.451609,-112.06988
85006,33.465234,-112.048771
85007,33.446529,-112.090319
85008,33.463884,-111.987763
85009,33.444546,-112.128675
85012,33.507577,-112.070981
85013,33.511112,-112.084731
85014,33.507223,-112.05769
85015,33.508637,-112.102056
85016,33.510166,-112.031684
85017,33.508782,-112.123068
85018,33.519784,-111.993594
85019,33.511534,-112.143319
85020,33.566061,-112.055642
85021,33.561061,-112.094924
85022,33.627136,-112.049222
85023,33.634118,-112.093163
85024,33.689593,-112.044699
85026,33.448905,-111.973547
85027,33.677473,-112.10228
85028,33.581606,-112.008136
85029,33.595414,-112.10975
85031,33.493971,-112.166926
85032,33.62592,-112.002503
85033,33.493589,-112.214037
85034,33.430377,-112.014738
85035,33.471668,-112.195393
85037,33.486707,-112.268258
85040,33.405566,-112.025492
85041,33.386995,-112.109574
85042,33.355545,-112.052242
85043,33.433065,-112.197172
85044,33.339721,-112.006194
85045,33.298893,-112.105877
85048,33.301983,-112.028911
85050,33.687374,-111.998931
85051,33.558759,-112.132498
85053,33.629595,-112.131846
85054,33.681025,-111.944882
85083,33.745359,-112.174635
85085,33.752614,-112.090157
85086,33.822515,-112.130286
85087,33.925005,-112.148875
85118,33.356986,-111.363091
85119,33.386823,-111.508244
85120,33.386881,-111.561667
85121,33.137154,-111.914311
85122,32.916724,-111.747972
85123,32.713078,-111.678371
85128,32.962838,-111.509785
85131,32.653843,-111.577149
85132,32.926956,-111.214093
85135,32.99495,-110.779898
85137,33.136397,-111.022592
85138,33.017663,-111.991284
85139,32.923874,-112.206708
85140,33.248065,-111.489238
85141,32.641808,-111.434533
85142,33.192391,-111.66594
85143,33.156022,-111.519755
85145,32.541314,-111.391056
85147,33.097774,-111.724833
85172,32.904833,-111.955451
85173,33.268271,-111.136483
85191,32.984984,-111.446934
85192,32.962942,-110.678531
85193,32.813284,-111.840448
85194,32.901117,-111.628048
85201,33.433545,-111.8504
85202,33.379757,-111.875018
85203,33.450359,-111.802894
85204,33.39572,-111.786608
85205,33.433165,-111.71357
85206,33.397432,-111.7165
85207,33.453269,-111.636673
85208,33.402405,-111.632073
85209,33.378291,-111.634444
85210,33.389733,-111.843505
85212,33.320607,-111.630757
85213,33.448413,-111.7662
85215,33.511896,-111.579396
85224,33.323511,-111.876159
85225,33.317828,-111.830541
85226,33.275116,-111.925101
85233,33.352445,-111.812562
85234,33.365502,-111.73966
85236,33.322922,-111.719613
85248,33.214898,-111.866427
85249,33.227059,-111.7997
85250,33.52713,-111.889428
85251,33.494489,-111.920714
85253,33.544242,-111.958823
85254,33.614603,-111.949671
85255,33.668188,-111.822512
85256,33.500609,-111.835063
85257,33.463212,-111.913762
85258,33.557918,-111.892948
85259,33.601041,-111.809497
85260,33.608066,-111.889177
85262,33.85797,-111.80515
85263,33.933095,-111.559501
85264,33.687759,-111.487369
85266,33.762367,-111.919091
85268,33.606701,-111.737015
85281,33.42744,-111.934004
85282,33.393984,-111.932906
85283,33.364638,-111.931604
85284,33.338285,-111.933906
85286,33.272273,-111.833863
85295,33.305282,-111.736462
85296,33.332328,-111.749802
85297,33.280561,-111.7333
85298,33.239818,-111.728198
85301,33.533729,-112.17854
85302,33.56809,-112.178089
85303,33.533976,-112.220843
85304,33.594547,-112.179512
85305,33.529964,-112.255657
85306,33.623562,-112.175283
85307,33.530363,-112.310045
85308,33.660382,-112.184964
85309,33.535553,-112.376355
85310,33.700977,-112.158084
85320,33.835575,-113.232201
85321,32.361993,-112.584724
85322,33.159113,-112.872037
85323,33.419233,-112.326866
85324,34.121566,-112.037863
85325,33.962832,-113.869413
85326,33.229169,-112.582866
85328,33.252628,-114.62036
85329,33.431771,-112.29641
85331,33.884228,-111.939601
85332,34.207147,-112.921018
85333,32.976231,-113.310151
85334,33.593912,-114.363356
85335,33.585408,-112.326811
85336,32.508771,-114.743963
85337,32.975535,-112.865808
85338,33.372975,-112.410829
85339,33.240894,-112.142689
85340,33.516382,-112.423586
85341,31.972569,-112.719502
85342,33.944517,-112.451343
85343,33.337759,-112.690863
85344,33.911407,-114.257178
85345,33.572326,-112.248142
85346,33.609914,-114.158252
85347,32.785966,-113.806891
85348,33.699178,-113.663856
85349,32.47645,-114.683518
85350,32.563568,-114.705499
85351,33.605791,-112.28406
85352,32.691195,-113.896256
85353,33.417511,-112.276974
85354,33.40894,-113.070116
85355,33.57457,-112.452923
85356,32.689354,-114.185176
85357,34.020672,-113.450652
85360,34.548522,-113.574386
85361,33.752261,-112.629383
85362,34.285451,-112.843222
85363,33.584969,-112.304916
85364,32.704556,-114.656304
85365,33.017596,-114.110521
85367,32.660834,-114.393609
85371,33.967316,-114.390048
85373,33.669222,-112.300263
85374,33.644893,-112.395034
85375,33.671383,-112.357187
85377,33.823214,-111.913271
85378,33.644551,-112.319905
85379,33.602126,-112.374041
85381,33.609138,-112.230287
85382,33.655591,-112.247623
85383,33.798406,-112.305179
85387,33.709159,-112.446694
85388,33.602425,-112.432075
85390,33.903622,-112.875667
85392,33.47657,-112.309428
85395,33.485001,-112.405856
85396,33.53652,-112.702463
